Caleb.Ezra.Weber@dtaa.com,0.0014492753623188406
Dora.Kiara.Pearson@dtaa.com,0.0014775914743523414
Tashya.Adria.Fowler@dtaa.com,0.0010669177156421132
