Evelyn.Jane.Wong@dtaa.com,0.008435359941269916
Kirk.Xanthus.Fleming@dtaa.com,0.0011765319141651396
Len.Zachery.Vaughn@dtaa.com,0.008997687218728075
Magee.Kane.Delgado@dtaa.com,0.0025034837303832764
