Cherokee.Germane.Stokes@dtaa.com,0.0015178649088466415
Dillon.Troy.Prince@dtaa.com,0.005089628513741121
Dominic.Zeph.Johns@dtaa.com,0.0020523712683958883
Olga.Jane.Bonner@dtaa.com,0.006088511181368157
Sonia.Nerea.Love@dtaa.com,0.0019437275399401255
Zelenia.Neve.Snider@dtaa.com,0.0028374048659902795
