Callum.Gray.Farley@dtaa.com,0.0010586598018026434
Kaden.Tarik.Giles@dtaa.com,0.0077712793644452854
Kamal.Judah.Fox@dtaa.com,0.022424389179227736
Lars.Kenyon.Harding@dtaa.com,1.0023136886699464
Maya.Iona.Huff@dtaa.com,0.002763595157354685
Nina.Justina.Goodman@dtaa.com,0.0015347158266395063
Prescott.Tyrone.Abbott@dtaa.com,0.0023328317564884032
